{
  "YellowStone":[44.543103, -110.528462,"MADERA MUNICIPAL AIRPORT", [26,1,2,5,6,3,2,1,2,7,29,12,3]],
  "Chicago":[41.889896, -87.650755,"SAN JOSE INTERNATIONAL  AIRPORT",[28,1,1,1,6,10,5,3,2,4,14,21,7]]
}